{"cameraMode":{"drawMode":0,"name":"Shaded","section":"Shading Mode"},"sceneLighting":false,"audioPlay":false,"sceneViewState":{"m_AlwaysRefresh":false,"showFog":true,"showSkybox":false,"showFlares":true,"showImageEffects":true,"showParticleSystems":true,"showVisualEffectGraphs":true,"m_FxEnabled":true},"in2DMode":false,"pivot":{"x":0.06375905871391297,"y":-0.0327228307723999,"z":0.000007234513759613037},"rotation":{"x":0.201154425740242,"y":0.3192422688007355,"z":-0.06967806816101074,"w":0.9235533475875855},"size":0.3494778871536255,"orthographic":false}