{"cameraMode":{"drawMode":0,"name":"Shaded","section":"Shading Mode"},"sceneLighting":false,"audioPlay":false,"sceneViewState":{"m_AlwaysRefresh":false,"showFog":true,"showSkybox":false,"showFlares":true,"showImageEffects":true,"showParticleSystems":true,"showVisualEffectGraphs":true,"m_FxEnabled":true},"in2DMode":false,"pivot":{"x":1.6399998664855958,"y":0.9951687455177307,"z":10.245189666748047},"rotation":{"x":0.023947054520249368,"y":-0.06518405675888062,"z":0.0017125335289165378,"w":0.9980106353759766},"size":0.7190986275672913,"orthographic":false}