{"cameraMode":{"drawMode":0,"name":"Shaded","section":"Shading Mode"},"sceneLighting":false,"audioPlay":false,"sceneViewState":{"m_AlwaysRefresh":false,"showFog":true,"showSkybox":false,"showFlares":true,"showImageEffects":true,"showParticleSystems":true,"showVisualEffectGraphs":true,"m_FxEnabled":true},"in2DMode":false,"pivot":{"x":0.03077101707458496,"y":-0.001522064208984375,"z":0.0009374618530273438},"rotation":{"x":-0.07255904376506806,"y":0.525525689125061,"z":-0.04504743218421936,"w":-0.846483051776886},"size":3.497352123260498,"orthographic":false}