{"cameraMode":{"drawMode":0,"name":"Shaded","section":"Shading Mode"},"sceneLighting":false,"audioPlay":false,"sceneViewState":{"m_AlwaysRefresh":false,"showFog":true,"showSkybox":false,"showFlares":true,"showImageEffects":true,"showParticleSystems":true,"showVisualEffectGraphs":true,"m_FxEnabled":true},"in2DMode":false,"pivot":{"x":-0.008563041687011719,"y":0.5671627521514893,"z":0.6094503402709961},"rotation":{"x":-0.16807860136032105,"y":-0.49947041273117068,"z":0.09948571026325226,"w":-0.8444963097572327},"size":1.7610706090927125,"orthographic":false}