{"cameraMode":{"drawMode":0,"name":"Shaded","section":"Shading Mode"},"sceneLighting":false,"audioPlay":false,"sceneViewState":{"m_AlwaysRefresh":false,"showFog":true,"showSkybox":false,"showFlares":true,"showImageEffects":true,"showParticleSystems":true,"showVisualEffectGraphs":true,"m_FxEnabled":true},"in2DMode":false,"pivot":{"x":-16.328479766845704,"y":-0.9853982925415039,"z":216.67874145507813},"rotation":{"x":-0.034733619540929797,"y":0.3942871689796448,"z":-0.014914148487150669,"w":-0.9182125329971314},"size":12.12435531616211,"orthographic":false}