{"cameraMode":{"drawMode":0,"name":"Shaded","section":"Shading Mode"},"sceneLighting":false,"audioPlay":false,"sceneViewState":{"m_AlwaysRefresh":false,"showFog":true,"showSkybox":false,"showFlares":true,"showImageEffects":true,"showParticleSystems":true,"showVisualEffectGraphs":true,"m_FxEnabled":true},"in2DMode":false,"pivot":{"x":-0.15137267112731934,"y":0.07403923571109772,"z":0.0034278035163879396},"rotation":{"x":-0.055714577436447147,"y":0.04850221797823906,"z":-0.0027097498532384636,"w":-0.9972593188285828},"size":0.8115178942680359,"orthographic":false}