{"cameraMode":{"drawMode":0,"name":"Shaded","section":"Shading Mode"},"sceneLighting":false,"audioPlay":false,"sceneViewState":{"m_AlwaysRefresh":false,"showFog":true,"showSkybox":false,"showFlares":true,"showImageEffects":true,"showParticleSystems":true,"showVisualEffectGraphs":true,"m_FxEnabled":true},"in2DMode":false,"pivot":{"x":0.04569779708981514,"y":0.2860947847366333,"z":-0.03370596095919609},"rotation":{"x":-0.0003096391446888447,"y":-0.011402476578950882,"z":0.0000034892852909251816,"w":-0.9999304413795471},"size":0.4058367609977722,"orthographic":false}