{"cameraMode":{"drawMode":0,"name":"Shaded","section":"Shading Mode"},"sceneLighting":false,"audioPlay":false,"sceneViewState":{"m_AlwaysRefresh":false,"showFog":true,"showSkybox":false,"showFlares":true,"showImageEffects":true,"showParticleSystems":true,"showVisualEffectGraphs":true,"m_FxEnabled":true},"in2DMode":false,"pivot":{"x":0.7520005702972412,"y":7.637174129486084,"z":199.52816772460938},"rotation":{"x":0.010809417814016343,"y":0.004495025146752596,"z":-0.00004881310815108009,"w":0.9999358057975769},"size":12.514177322387696,"orthographic":false}