{"cameraMode":{"drawMode":0,"name":"Shaded","section":"Shading Mode"},"sceneLighting":true,"audioPlay":false,"sceneViewState":{"m_AlwaysRefresh":false,"showFog":true,"showSkybox":false,"showFlares":true,"showImageEffects":true,"showParticleSystems":true,"showVisualEffectGraphs":true,"m_FxEnabled":true},"in2DMode":false,"pivot":{"x":5.72425651550293,"y":0.4470229148864746,"z":2.113663911819458},"rotation":{"x":0.010809417814016343,"y":0.004495025146752596,"z":-0.00004881310815108009,"w":0.9999358057975769},"size":1.7791868448257447,"orthographic":false}