{"cameraMode":{"drawMode":0,"name":"Shaded","section":"Shading Mode"},"sceneLighting":false,"audioPlay":false,"sceneViewState":{"m_AlwaysRefresh":false,"showFog":true,"showSkybox":false,"showFlares":true,"showImageEffects":true,"showParticleSystems":true,"showVisualEffectGraphs":true,"m_FxEnabled":true},"in2DMode":false,"pivot":{"x":3.037243127822876,"y":1.289179801940918,"z":11.755364418029786},"rotation":{"x":-0.0543082170188427,"y":0.006708489265292883,"z":0.000980429700575769,"w":-0.9990359544754028},"size":3.4131252765655519,"orthographic":false}