{"cameraMode":{"drawMode":0,"name":"Shaded","section":"Shading Mode"},"sceneLighting":false,"audioPlay":false,"sceneViewState":{"m_AlwaysRefresh":false,"showFog":true,"showSkybox":false,"showFlares":true,"showImageEffects":true,"showParticleSystems":true,"showVisualEffectGraphs":true,"m_FxEnabled":true},"in2DMode":false,"pivot":{"x":0.08955645561218262,"y":-0.26332157850265505,"z":-0.022711142897605897},"rotation":{"x":-0.061769213527441028,"y":0.005087444093078375,"z":-0.00031488752574659884,"w":-0.9980725049972534},"size":0.721298098564148,"orthographic":false}