{"cameraMode":{"drawMode":0,"name":"Shaded","section":"Shading Mode"},"sceneLighting":true,"audioPlay":false,"sceneViewState":{"m_AlwaysRefresh":false,"showFog":true,"showSkybox":true,"showFlares":true,"showImageEffects":true,"showParticleSystems":true,"showVisualEffectGraphs":true,"m_FxEnabled":true},"in2DMode":false,"pivot":{"x":961.3192138671875,"y":43.51713562011719,"z":209.76683044433595},"rotation":{"x":-0.08088613301515579,"y":0.025717848911881448,"z":-0.002098621102049947,"w":-0.9964125156402588},"size":180.92100524902345,"orthographic":false}