{"cameraMode":{"drawMode":0,"name":"Shaded","section":"Shading Mode"},"sceneLighting":true,"audioPlay":false,"sceneViewState":{"m_AlwaysRefresh":false,"showFog":true,"showSkybox":true,"showFlares":true,"showImageEffects":true,"showParticleSystems":true,"showVisualEffectGraphs":true,"m_FxEnabled":true},"in2DMode":false,"pivot":{"x":918.7306518554688,"y":128.84803771972657,"z":-30.073028564453126},"rotation":{"x":0.010809417814016343,"y":0.004495025146752596,"z":-0.00004881310815108009,"w":0.9999358057975769},"size":90.91605377197266,"orthographic":false}