{"cameraMode":{"drawMode":0,"name":"Shaded","section":"Shading Mode"},"sceneLighting":false,"audioPlay":false,"sceneViewState":{"m_AlwaysRefresh":false,"showFog":true,"showSkybox":false,"showFlares":true,"showImageEffects":true,"showParticleSystems":true,"showVisualEffectGraphs":true,"m_FxEnabled":true},"in2DMode":false,"pivot":{"x":-0.20773503184318543,"y":-0.12251972407102585,"z":0.03854977712035179},"rotation":{"x":-0.057226091623306277,"y":0.04251423105597496,"z":-0.0024391873739659788,"w":-0.9974479675292969},"size":0.5001776218414307,"orthographic":false}