{"cameraMode":{"drawMode":0,"name":"Shaded","section":"Shading Mode"},"sceneLighting":false,"audioPlay":false,"sceneViewState":{"m_AlwaysRefresh":false,"showFog":true,"showSkybox":false,"showFlares":true,"showImageEffects":true,"showParticleSystems":true,"showVisualEffectGraphs":true,"m_FxEnabled":true},"in2DMode":false,"pivot":{"x":-0.22182035446166993,"y":2.195436954498291,"z":0.16044342517852784},"rotation":{"x":-0.16807860136032105,"y":-0.49947041273117068,"z":0.09948571026325226,"w":-0.8444963097572327},"size":3.3293955326080324,"orthographic":false}