{"cameraMode":{"drawMode":0,"name":"Shaded","section":"Shading Mode"},"sceneLighting":false,"audioPlay":false,"sceneViewState":{"m_AlwaysRefresh":false,"showFog":true,"showSkybox":false,"showFlares":true,"showImageEffects":true,"showParticleSystems":true,"showVisualEffectGraphs":true,"m_FxEnabled":true},"in2DMode":false,"pivot":{"x":-0.2939949035644531,"y":2.3839640617370607,"z":0.12793231010437013},"rotation":{"x":-0.04292261227965355,"y":-0.678633451461792,"z":0.03973229229450226,"w":-0.7326856851577759},"size":3.4245693683624269,"orthographic":false}