{"cameraMode":{"drawMode":0,"name":"Shaded","section":"Shading Mode"},"sceneLighting":false,"audioPlay":false,"sceneViewState":{"m_AlwaysRefresh":false,"showFog":true,"showSkybox":false,"showFlares":true,"showImageEffects":true,"showParticleSystems":true,"showVisualEffectGraphs":true,"m_FxEnabled":true},"in2DMode":false,"pivot":{"x":2.592155933380127,"y":1.142448902130127,"z":11.733758926391602},"rotation":{"x":-0.009000000543892384,"y":0.0003060603339690715,"z":-0.000003113654202024918,"w":-0.9999802112579346},"size":3.4131252765655519,"orthographic":false}