{"cameraMode":{"drawMode":0,"name":"Shaded","section":"Shading Mode"},"sceneLighting":true,"audioPlay":false,"sceneViewState":{"m_AlwaysRefresh":false,"showFog":true,"showSkybox":false,"showFlares":true,"showImageEffects":true,"showParticleSystems":true,"showVisualEffectGraphs":true,"m_FxEnabled":true},"in2DMode":false,"pivot":{"x":0.11430066078901291,"y":0.8896145224571228,"z":1.8492457866668702},"rotation":{"x":-0.04409939795732498,"y":0.007027179002761841,"z":-0.00007491859287256375,"w":0.999260663986206},"size":2.1584506034851076,"orthographic":false}