{"cameraMode":{"drawMode":0,"name":"Shaded","section":"Shading Mode"},"sceneLighting":false,"audioPlay":false,"sceneViewState":{"m_AlwaysRefresh":false,"showFog":true,"showSkybox":false,"showFlares":true,"showImageEffects":true,"showParticleSystems":true,"showVisualEffectGraphs":true,"m_FxEnabled":true},"in2DMode":false,"pivot":{"x":-0.0750267505645752,"y":0.17726635932922364,"z":-0.352472186088562},"rotation":{"x":0.011996536515653134,"y":0.02459699846804142,"z":-0.00029294323758222163,"w":0.9996371865272522},"size":0.9707015752792358,"orthographic":false}