{"cameraMode":{"drawMode":0,"name":"Shaded","section":"Shading Mode"},"sceneLighting":false,"audioPlay":false,"sceneViewState":{"m_AlwaysRefresh":false,"showFog":true,"showSkybox":false,"showFlares":true,"showImageEffects":true,"showParticleSystems":true,"showVisualEffectGraphs":true,"m_FxEnabled":true},"in2DMode":false,"pivot":{"x":-0.01827031746506691,"y":-0.047635845839977267,"z":0.27648571133613589},"rotation":{"x":-0.061769213527441028,"y":0.005087444093078375,"z":-0.00031488752574659884,"w":-0.9980725049972534},"size":0.6783975958824158,"orthographic":false}