{"cameraMode":{"drawMode":0,"name":"Shaded","section":"Shading Mode"},"sceneLighting":false,"audioPlay":false,"sceneViewState":{"m_AlwaysRefresh":false,"showFog":true,"showSkybox":false,"showFlares":true,"showImageEffects":true,"showParticleSystems":true,"showVisualEffectGraphs":true,"m_FxEnabled":true},"in2DMode":false,"pivot":{"x":0.1924246996641159,"y":3.281540632247925,"z":4.117196559906006},"rotation":{"x":0.004949252586811781,"y":-0.9594690203666687,"z":0.28266531229019167,"w":0.017125150188803674},"size":0.000017320508050033823,"orthographic":false}