{"cameraMode":{"drawMode":0,"name":"Shaded","section":"Shading Mode"},"sceneLighting":true,"audioPlay":false,"sceneViewState":{"m_AlwaysRefresh":false,"showFog":true,"showSkybox":false,"showFlares":true,"showImageEffects":true,"showParticleSystems":true,"showVisualEffectGraphs":true,"m_FxEnabled":true},"in2DMode":false,"pivot":{"x":0.577200710773468,"y":-0.20877191424369813,"z":1.1390124559402466},"rotation":{"x":0.12683437764644624,"y":-0.034161750227212909,"z":0.0035090779419988395,"w":0.9915047287940979},"size":0.994570791721344,"orthographic":false}