{"cameraMode":{"drawMode":0,"name":"Shaded","section":"Shading Mode"},"sceneLighting":true,"audioPlay":false,"sceneViewState":{"m_AlwaysRefresh":false,"showFog":true,"showSkybox":false,"showFlares":true,"showImageEffects":true,"showParticleSystems":true,"showVisualEffectGraphs":true,"m_FxEnabled":true},"in2DMode":false,"pivot":{"x":1.1558854579925538,"y":1.2354121208190919,"z":-2.213249444961548},"rotation":{"x":0.03606191650032997,"y":0.2995990812778473,"z":-0.011333395726978779,"w":0.9533223509788513},"size":1.3139560222625733,"orthographic":false}