{"cameraMode":{"drawMode":0,"name":"Shaded","section":"Shading Mode"},"sceneLighting":false,"audioPlay":false,"sceneViewState":{"m_AlwaysRefresh":false,"showFog":true,"showSkybox":false,"showFlares":true,"showImageEffects":true,"showParticleSystems":true,"showVisualEffectGraphs":true,"m_FxEnabled":true},"in2DMode":false,"pivot":{"x":-0.00003063678741455078,"y":-0.0003756284713745117,"z":-0.0003794431686401367},"rotation":{"x":-0.21857541799545289,"y":0.03687477484345436,"z":-0.008264001458883286,"w":-0.9751027226448059},"size":1.2447751760482789,"orthographic":false}