{"cameraMode":{"drawMode":0,"name":"Shaded","section":"Shading Mode"},"sceneLighting":true,"audioPlay":false,"sceneViewState":{"m_AlwaysRefresh":false,"showFog":true,"showSkybox":false,"showFlares":true,"showImageEffects":true,"showParticleSystems":true,"showVisualEffectGraphs":true,"m_FxEnabled":true},"in2DMode":false,"pivot":{"x":0.12388095259666443,"y":0.5713725686073303,"z":1.506035327911377},"rotation":{"x":0.09378610551357269,"y":-0.006494205445051193,"z":0.00022184729459695518,"w":0.995830774307251},"size":1.7320507764816285,"orthographic":false}