{"cameraMode":{"drawMode":0,"name":"Shaded","section":"Shading Mode"},"sceneLighting":false,"audioPlay":false,"sceneViewState":{"m_AlwaysRefresh":false,"showFog":true,"showSkybox":false,"showFlares":true,"showImageEffects":true,"showParticleSystems":true,"showVisualEffectGraphs":true,"m_FxEnabled":true},"in2DMode":false,"pivot":{"x":5.960464477539063e-8,"y":0.4616279900074005,"z":-0.03324878215789795},"rotation":{"x":0.06664364039897919,"y":0.8388832211494446,"z":-0.10550326853990555,"w":0.5298978686332703},"size":1.294405221939087,"orthographic":false}