{"cameraMode":{"drawMode":0,"name":"Shaded","section":"Shading Mode"},"sceneLighting":false,"audioPlay":false,"sceneViewState":{"m_AlwaysRefresh":false,"showFog":true,"showSkybox":false,"showFlares":true,"showImageEffects":true,"showParticleSystems":true,"showVisualEffectGraphs":true,"m_FxEnabled":true},"in2DMode":false,"pivot":{"x":-0.07820072770118714,"y":0.6233212947845459,"z":0.0662083551287651},"rotation":{"x":-0.019804280251264573,"y":0.020091840997338296,"z":-0.0003981020417995751,"w":-0.9995974898338318},"size":1.1018545627593995,"orthographic":false}